{
    "root_group": {
        "id": "d41d8cd98f00b204e9800998ecf8427e",
        "groups": {},
        "checks": {
                "check http status": {
                    "name": "check http status",
                    "path": "::check http status",
                    "id": "a80c615cc8cbee3016ec667b9e7be391",
                    "passes": 0,
                    "fails": 100
                },
                "check http payload": {
                    "name": "check http payload",
                    "path": "::check http payload",
                    "id": "3a01ec20191871b4c6c2848a168d6bfa",
                    "passes": 0,
                    "fails": 100
                },
                "check http headers": {
                    "path": "::check http headers",
                    "id": "a87e55b9f97968bc560280beaef63a5e",
                    "passes": 0,
                    "fails": 100,
                    "name": "check http headers"
                }
            },
        "name": "",
        "path": ""
    },
    "metrics": {
        "iterations": {
            "count": 100,
            "rate": 188.48864059070831
        },
        "http_req_sending": {
            "max": 0.336685,
            "p(90)": 0.0741277,
            "p(95)": 0.09226709999999995,
            "avg": 0.04883394,
            "min": 0.017345,
            "med": 0.039028999999999994
        },
        "http_req_blocked": {
            "p(95)": 131.65149,
            "avg": 13.176782790000003,
            "min": 0.000196,
            "med": 0.00045850000000000003,
            "max": 137.441005,
            "p(90)": 12.695702100001082
        },
        "checks": {
            "fails": 300,
            "passes": 0,
            "thresholds": {
                "rate>=1": true
            },
            "value": 0
        },
        "http_req_receiving": {
            "avg": 0.37692507999999997,
            "min": 0.01952,
            "med": 0.051483,
            "max": 4.672145,
            "p(90)": 1.9963863000000017,
            "p(95)": 2.3346063499999974
        },
        "http_req_duration": {
            "med": 37.95469,
            "max": 59.050242,
            "p(90)": 42.80601640000006,
            "p(95)": 49.90155549999997,
            "avg": 38.95308418999999,
            "min": 29.20477
        },
        "http_req_tls_handshaking": {
            "max": 45.545107,
            "p(90)": 3.8390785000003276,
            "p(95)": 40.905938049999996,
            "avg": 4.140751689999999,
            "min": 0,
            "med": 0
        },
        "http_req_waiting": {
            "max": 58.980945,
            "p(90)": 42.446121800000064,
            "p(95)": 49.80572444999997,
            "avg": 38.52732517,
            "min": 29.082602,
            "med": 37.2541205
        },
        "data_received": {
            "count": 59542,
            "rate": 112229.90638051955
        },
        "http_reqs": {
            "count": 100,
            "rate": 188.48864059070831
        },
        "http_req_connecting": {
            "avg": 3.9935726100000006,
            "min": 0,
            "med": 0,
            "max": 41.310209,
            "p(90)": 3.7530223000003198,
            "p(95)": 40.6270802
        },
        "data_sent": {
            "count": 8740,
            "rate": 16473.90718762791
        },
        "iteration_duration": {
            "max": 174.128845,
            "p(90)": 70.69199380000087,
            "p(95)": 168.14960524999998,
            "avg": 52.76882818,
            "min": 29.947728,
            "med": 39.2948895
        },
        "http_req_failed": {
            "passes": 100,
            "fails": 0,
            "value": 1
        }
    }
}